[
    {
      "id": 1,
      "club_name": "Fútbol Club Barcelona",
      "city_name": "Barcelona",
      "stadium_name": "Camp Nou",
      "abreviation": "FCB",
      "manager_name": "Hans-Dieter Flick",
      "nickname": "Barca",
      "date_of_establishment": "1899-11-29",
      "main_sponsor": "Spotify",
      "trophies_won": 27,
      "current_captains": [
        "Marc-André ter Stegen",
        "Frenkie de Jong"
      ]
    },
    {
      "id": 2,
      "club_name": "Real Madrid Club de Fútbol",
      "city_name": "Madrid",
      "stadium_name": "Santiago Bernabéu Stadium",
      "abreviation": "RMA",
      "manager_name": "Carlo Ancelotti",
      "nickname": "Los Blancos",
      "date_of_establishment": "1902-03-06",
      "main_sponsor": "Emirates",
      "trophies_won": 36,
      "current_captains": [
        "Luka Modrić",
        "Daniel Carvajal"
      ]
    },
    {
      "id": 3,
      "club_name": "Atlético de Madrid",
      "city_name": "Madrid",
      "stadium_name": "Riyadh Air Metropolitano",
      "abreviation": "ATM",
      "manager_name": "Diego Simeone",
      "nickname": "Rojiblancos",
      "date_of_establishment": "1903-04-26",
      "main_sponsor": "Riyadh Air",
      "trophies_won": 4,
      "current_captains": [
        "Jorge Resurrección Merodio Koke",
        "Jan Oblak"
      ]
    },
    {
      "id": 4,
      "club_name": "Sevilla Fútbol Club",
      "city_name": "Seville",
      "stadium_name": "Ramón Sánchez Pizjuán Stadium",
      "abreviation": "SEV",
      "manager_name": "Francisco Javier García Pimienta",
      "nickname": "Los Nervionenses",
      "date_of_establishment": "1890-01-25",
      "main_sponsor": "Castore",
      "trophies_won": 1,
      "current_captains": [
        "Jesús Navas",
        "Nemanja Gudelj"
      ]
    },
    {
      "id": 5,
      "club_name": "Real Sociedad de Fútbol",
      "city_name": "San Sebastián",
      "stadium_name": "Anoeta Stadium",
      "abreviation": "RSO",
      "manager_name": "Imanol Alguacil Barrenetxea",
      "nickname": "La Real",
      "date_of_establishment": "1909-09-07",
      "main_sponsor": "Yasuda Group",
      "trophies_won": 2,
      "current_captains": [
        "Mikel Oyarzabal Ugarte",
        "Igor Zubeldia Elorza"
      ]
    },
    {
      "id": 6,
      "club_name": "Valencia Club de Fútbol",
      "city_name": "Valencia",
      "stadium_name": "Mestalla Stadium",
      "abreviation": "VAL",
      "manager_name": "Rubén Baraja Vegas",
      "nickname": "Los Ches",
      "date_of_establishment": "1919-03-18",
      "main_sponsor": "TM Real Estate Group",
      "trophies_won": 6,
      "current_captains": [
        "José Luis Gayà Peña",
        "José Luis García Vayá Pepelu"
      ]
    },
    {
      "id": 7,
      "club_name": "Villarreal Club de Fútbol",
      "city_name": "Villarreal",
      "stadium_name": "Estadio de la Cerámica",
      "abreviation": "VIL",
      "manager_name": "Marcelino García Toral",
      "nickname": "El Submarino Amarillo",
      "date_of_establishment": "1923-03-10",
      "main_sponsor": "Pamesa cerámica",
      "trophies_won": 0,
      "current_captains": [
        "Raúl Albiol Tortajada",
        "Alejandro Baena Rodríguez"
      ]
    },
    {
      "id": 8,
      "club_name": "Athletic Club de Bilbao",
      "city_name": "Bilbao",
      "stadium_name": "San Mamés Stadium",
      "abreviation": "ATH",
      "manager_name": "Ernesto Valverde Tejedor",
      "nickname": "Lehoiak",
      "date_of_establishment": "1898-07-18",
      "main_sponsor": "Kutxabank",
      "trophies_won": 8,
      "current_captains": [
        "Yuri Berchiche Izeta",
        "Óscar de Marcos Arana"
      ]
    },
    {
      "id": 9,
      "club_name": "Girona Fútbol Club",
      "city_name": "Girona",
      "stadium_name": "Estadi Montilivi",
      "abreviation": "GIR",
      "manager_name": "Miguel Ángel Sánchez Muñoz",
      "nickname": "Blanquivermells",
      "date_of_establishment": "1930-07-23",
      "main_sponsor": "Etihad Airways",
      "trophies_won": 0,
      "current_captains": [
        "Cristhian Stuani",
        "Juan Pedro Ramírez López"
      ]
    },
    {
      "id": 10,
      "club_name": "Reial Club Deportiu Espanyol de Barcelona",
      "city_name": "Barcelona",
      "stadium_name": "RCDE Stadium",
      "abreviation": "ESP",
      "manager_name": "José Manuel González Álvarez",
      "nickname": "Periquitos",
      "date_of_establishment": "1900-10-28",
      "main_sponsor": "Conserves Dani",
      "trophies_won": 0,
      "current_captains": [
        "Sergi Gómez Sola",
        "Javier Puado Díaz"
      ]
    }
  ]